0.000000000000000000e+00,0.000000000000000000e+00,0.000000000000000000e+00,0.000000000000000000e+00,0.000000000000000000e+00,0.000000000000000000e+00
-3.140544791793652202e+00,-3.141991428126955199e+00,-3.152950413729334045e+00,-3.141991428126955199e+00,-1.645123789450214424e+00,-3.881592000000000375e+00
-1.769998085576985236e+00,-1.728720938400037710e+00,-1.753277733748902723e+00,-1.728720938400037710e+00,3.191928064665767284e+00,-1.979999999999999982e+00
-2.630860072584330744e+00,-2.632255671791988938e+00,-2.685663915931343571e+00,-2.632255671791988938e+00,1.259199753730987048e+01,-2.940400000000000347e+00
-4.202547216992514656e+00,-4.188447132392420613e+00,-4.196571020893171244e+00,-4.188447132392420613e+00,-4.803960160000000812e+00,-4.803960160000000812e+00
0.000000000000000000e+00,0.000000000000000000e+00,0.000000000000000000e+00,0.000000000000000000e+00,0.000000000000000000e+00,0.000000000000000000e+00
-4.214902397507944265e+00,-4.204678189744572414e+00,-4.203003562612533273e+00,-4.204678189744572414e+00,-4.803960160000000812e+00,-4.803960160000000812e+00
-3.564052946505238406e+00,-3.571149808792438929e+00,-3.564691220537787419e+00,-3.571149808792438929e+00,-3.881592000000000375e+00,-3.881592000000000375e+00
-2.712498688834442451e+00,-2.985610678632873771e+00,-3.009652464146143291e+00,-2.985610678632873771e+00,-3.881592000000000375e+00,-3.881592000000000375e+00
-3.962821346552676260e+00,-3.986485458765099743e+00,-3.997831290636254753e+00,-3.986485458765099743e+00,-4.803960160000000812e+00,-4.803960160000000812e+00
0.000000000000000000e+00,0.000000000000000000e+00,0.000000000000000000e+00,0.000000000000000000e+00,0.000000000000000000e+00,0.000000000000000000e+00
-2.933673700659595429e+00,-3.734263944722712836e+00,-3.717839398342211332e+00,-3.734263944722712836e+00,-3.881592000000000375e+00,-3.881592000000000375e+00
-4.903152383632984446e+00,-4.902713010542603556e+00,-4.902427992035523374e+00,-4.902713010542603556e+00,-5.707880956800000405e+00,-5.707880956800000405e+00
-4.937682856832835476e+00,-4.937622433250699494e+00,-4.938342765777943733e+00,-4.937622433250699494e+00,-5.707880956800000405e+00,-5.707880956800000405e+00
-4.927604895634758897e+00,-4.928146835497378753e+00,-4.928472422891349680e+00,-4.928146835497378753e+00,-5.707880956800000405e+00,-5.707880956800000405e+00
0.000000000000000000e+00,0.000000000000000000e+00,0.000000000000000000e+00,0.000000000000000000e+00,0.000000000000000000e+00,0.000000000000000000e+00
-1.000000000000000056e-01,-1.000000000000000056e-01,-1.000000000000000056e-01,-1.000000000000000056e-01,-1.000000000000000000e+00,1.999999999999998934e+01
-8.058024119565807553e-01,-2.771497980245245518e+00,-2.733466055300850961e+00,-2.771497980245245518e+00,-2.940400000000000347e+00,-2.775849232316030424e+00
5.239989971374725997e+00,-1.231790292625490668e+00,-1.211230607282026916e+00,-1.231790292625490668e+00,-1.979999999999999982e+00,-1.236271628650496002e+00
1.700581816295548521e+01,-2.216916737844709218e+00,-2.217272781580281737e+00,-2.216916737844709218e+00,-2.940400000000000347e+00,-2.254436241177361300e+00
0.000000000000000000e+00,0.000000000000000000e+00,0.000000000000000000e+00,0.000000000000000000e+00,0.000000000000000000e+00,0.000000000000000000e+00
-3.398231107994916123e+00,-3.387015317765737166e+00,-3.387015317765737166e+00,-3.031334599790505013e+00,-3.881592000000000375e+00,-3.881592000000000375e+00
-2.061004752525403827e+00,-2.043022824083406075e+00,-2.043022824083406075e+00,-3.069862844467749485e-01,-2.940400000000000347e+00,-2.940400000000000347e+00
-2.917582911831069659e+00,-2.902551727022983918e+00,-2.902551727022983918e+00,9.037808147324536634e+00,-2.940400000000000347e+00,-2.940400000000000347e+00
-4.203580809132047236e+00,-4.204678189744572414e+00,-4.204678189744572414e+00,-4.202444423650302241e+00,-4.803960160000000812e+00,-4.803960160000000812e+00
0.000000000000000000e+00,0.000000000000000000e+00,0.000000000000000000e+00,0.000000000000000000e+00,0.000000000000000000e+00,0.000000000000000000e+00
-4.198167719787669228e+00,-4.188447132392420613e+00,-4.188447132392420613e+00,-4.185969362443151098e+00,-4.803960160000000812e+00,-4.803960160000000812e+00
-3.412070296564104765e+00,-3.512234286539398731e+00,-3.512234286539398731e+00,-3.528741148149471929e+00,-3.881592000000000375e+00,-3.881592000000000375e+00
-3.031525538161869981e+00,-3.025898465060216314e+00,-3.025898465060216314e+00,-3.041061348694023003e+00,-3.881592000000000375e+00,-3.881592000000000375e+00
-4.022831265681697133e+00,-4.026620634598002901e+00,-4.026620634598002901e+00,-4.016631989572175598e+00,-4.803960160000000812e+00,-4.803960160000000812e+00
0.000000000000000000e+00,0.000000000000000000e+00,0.000000000000000000e+00,0.000000000000000000e+00,0.000000000000000000e+00,0.000000000000000000e+00
-3.771683377458316500e+00,-3.759578665828258615e+00,-3.759578665828258615e+00,-3.749521484921613634e+00,-3.881592000000000375e+00,-3.881592000000000375e+00
-4.903176213801391903e+00,-4.902713010542603556e+00,-4.902713010542603556e+00,-4.904236809431045785e+00,-5.707880956800000405e+00,-5.707880956800000405e+00
-4.938546655291127685e+00,-4.937622433250699494e+00,-4.937622433250699494e+00,-4.937583465207630695e+00,-5.707880956800000405e+00,-5.707880956800000405e+00
-4.928299062486113158e+00,-4.928146835497378753e+00,-4.928146835497378753e+00,-4.928011261980017821e+00,-5.707880956800000405e+00,-5.707880956800000405e+00
0.000000000000000000e+00,0.000000000000000000e+00,0.000000000000000000e+00,0.000000000000000000e+00,0.000000000000000000e+00,0.000000000000000000e+00
-1.980000000000000093e-01,-1.980000000000000093e-01,-1.980000000000000093e-01,4.232400000000000606e-01,-1.000000000000000000e+00,-1.000000000000000000e+00
-2.360523313169587745e+00,-2.432972612359026954e+00,-2.432972612359026954e+00,-2.438366789252691902e+00,-2.940400000000000347e+00,-2.940400000000000347e+00
-1.134094424907464038e+00,-1.076416381326000149e+00,-1.076416381326000149e+00,-1.088705156341589042e+00,-1.979999999999999982e+00,-1.979999999999999982e+00
-1.868153583163501663e+00,-1.982676351105516543e+00,-1.982676351105516543e+00,-1.983946848482146530e+00,-1.979999999999999982e+00,-1.979999999999999982e+00
0.000000000000000000e+00,0.000000000000000000e+00,0.000000000000000000e+00,0.000000000000000000e+00,0.000000000000000000e+00,0.000000000000000000e+00
-4.236875570454967210e+00,-4.236172933430687237e+00,-4.232662803834030818e+00,-4.236172933430687237e+00,-4.803960160000000812e+00,-4.803960160000000812e+00
-3.432541782448379042e+00,-3.450889511182213987e+00,-3.460299111919697079e+00,-3.450889511182213987e+00,-3.881592000000000375e+00,-3.881592000000000375e+00
-3.482340692063929044e+00,-3.808699350661459704e+00,-3.813071049743901320e+00,-3.808699350661459704e+00,-3.881592000000000375e+00,-3.881592000000000375e+00
-3.484033538245966621e+00,-3.481871720958570116e+00,-3.387601767524659024e+00,-3.481871720958570116e+00,-3.881592000000000375e+00,-3.881592000000000375e+00
0.000000000000000000e+00,0.000000000000000000e+00,0.000000000000000000e+00,0.000000000000000000e+00,0.000000000000000000e+00,0.000000000000000000e+00
-3.515797229502838128e+00,-3.481871720958570116e+00,-3.399594009199912392e+00,-3.481871720958570116e+00,-3.881592000000000375e+00,-3.881592000000000375e+00
-2.422287858800959537e+00,-2.380584298325537418e+00,-8.282977290249673441e-01,-2.380584298325537418e+00,-2.940400000000000347e+00,-2.940400000000000347e+00
-3.442137619473218280e+00,-3.541989600808610916e+00,-3.525875000153045669e+00,-3.541989600808610916e+00,-3.881592000000000375e+00,-3.881592000000000375e+00
-4.292679810840255072e+00,-4.295470234050266178e+00,-4.289592358370326153e+00,-4.295470234050266178e+00,-4.803960160000000812e+00,-4.803960160000000812e+00
0.000000000000000000e+00,0.000000000000000000e+00,0.000000000000000000e+00,0.000000000000000000e+00,0.000000000000000000e+00,0.000000000000000000e+00
-3.847682010210812908e+00,-4.102185865752193017e+00,-4.093006977103821775e+00,-4.102185865752193017e+00,-4.803960160000000812e+00,-4.803960160000000812e+00
-4.893879357512111561e+00,-4.894524774730519390e+00,-4.894398623963625461e+00,-4.894524774730519390e+00,-5.707880956800000405e+00,-5.707880956800000405e+00
-4.933819286099470958e+00,-4.933724928867539994e+00,-4.934623195391382389e+00,-4.933724928867539994e+00,-5.707880956800000405e+00,-5.707880956800000405e+00
-4.922476731514797699e+00,-4.922099257521397320e+00,-4.922098090417437177e+00,-4.922099257521397320e+00,-5.707880956800000405e+00,-5.707880956800000405e+00
0.000000000000000000e+00,0.000000000000000000e+00,0.000000000000000000e+00,0.000000000000000000e+00,0.000000000000000000e+00,0.000000000000000000e+00
-1.877225949430727514e+00,-1.921098317454608573e+00,-1.901786651541823137e+00,-1.921098317454608573e+00,-1.979999999999999982e+00,-1.979999999999999982e+00
-3.017232000000000247e-01,-2.940400000000000236e-01,1.553329673903476316e-01,-2.940400000000000236e-01,-1.000000000000000000e+00,-1.000000000000000000e+00
-1.885945264055902681e+00,-1.921098317454608573e+00,-1.931066579348121870e+00,-1.921098317454608573e+00,-1.979999999999999982e+00,-1.979999999999999982e+00
-9.034279798820494811e-01,-8.312611893492507509e-01,-8.311362727344751011e-01,-8.312611893492507509e-01,-1.000000000000000000e+00,-1.000000000000000000e+00
0.000000000000000000e+00,0.000000000000000000e+00,0.000000000000000000e+00,0.000000000000000000e+00,0.000000000000000000e+00,0.000000000000000000e+00
-4.276451365135310212e+00,-4.266420485266832152e+00,-4.273195078900720034e+00,-4.276497873350323609e+00,-4.803960160000000812e+00,-4.803960160000000812e+00
-3.529744868132239866e+00,-3.512234286539398731e+00,-3.539705143694490630e+00,-3.514753162822809696e+00,-3.881592000000000375e+00,-3.881592000000000375e+00
-3.848998622056038155e+00,-3.878757359247760661e+00,-3.885695816561210769e+00,-3.877476212733884431e+00,-3.881592000000000375e+00,-3.881592000000000375e+00
-3.295306850525321352e+00,-3.286232052297232364e+00,-2.573974995736700411e+00,-3.292027753714147131e+00,-3.881592000000000375e+00,-3.881592000000000375e+00
0.000000000000000000e+00,0.000000000000000000e+00,0.000000000000000000e+00,0.000000000000000000e+00,0.000000000000000000e+00,0.000000000000000000e+00
-3.293938321093436095e+00,-3.286232052297232364e+00,-2.717016812255633074e+00,-3.306620069803767326e+00,-3.881592000000000375e+00,-3.881592000000000375e+00
-2.172243847243868764e+00,-2.160119120249703428e+00,1.669743681711563710e+01,-2.178146912091865506e+00,-2.940400000000000347e+00,-2.940400000000000347e+00
-3.633359516053248139e+00,-3.655177630836973446e+00,-3.664653176062212303e+00,-3.644019703501532703e+00,-3.881592000000000375e+00,-3.881592000000000375e+00
-4.322570135246806444e+00,-4.323369612781875482e+00,-4.318414283185106228e+00,-4.318706820280404202e+00,-4.803960160000000812e+00,-4.803960160000000812e+00
0.000000000000000000e+00,0.000000000000000000e+00,0.000000000000000000e+00,0.000000000000000000e+00,0.000000000000000000e+00,0.000000000000000000e+00
-4.051940047504031917e+00,-4.137739305468405959e+00,-4.140526665782396698e+00,-4.131635746664145792e+00,-4.803960160000000812e+00,-4.803960160000000812e+00
-4.892397568553361609e+00,-4.892372219112774090e+00,-4.893721764631674631e+00,-4.892559488816853097e+00,-5.707880956800000405e+00,-5.707880956800000405e+00
-4.933569802092748979e+00,-4.933724928867539994e+00,-4.934109008908218463e+00,-4.933223895944693460e+00,-5.707880956800000405e+00,-5.707880956800000405e+00
-4.920696126849581020e+00,-4.922099257521397320e+00,-4.921403180230150554e+00,-4.922283609328128584e+00,-5.707880956800000405e+00,-5.707880956800000405e+00
0.000000000000000000e+00,0.000000000000000000e+00,0.000000000000000000e+00,0.000000000000000000e+00,0.000000000000000000e+00,0.000000000000000000e+00
2.428200070581147119e-01,-2.160119120249703428e+00,-2.180953770072859399e+00,-2.123522459709037413e+00,-2.940400000000000347e+00,-2.940400000000000347e+00
-1.980000000000000093e-01,-1.980000000000000093e-01,1.499999999999999467e+01,-1.000000000000000056e-01,-1.000000000000000000e+00,-1.000000000000000000e+00
2.427353173335278780e-01,-2.160119120249703428e+00,-2.204343653237509582e+00,-2.181953413704869948e+00,-2.940400000000000347e+00,-2.940400000000000347e+00
-3.546534875686302435e-02,-9.146359655622657847e-01,-8.495391945907206921e-01,-9.077857210731314908e-01,-1.000000000000000000e+00,-1.000000000000000000e+00
0.000000000000000000e+00,0.000000000000000000e+00,0.000000000000000000e+00,0.000000000000000000e+00,0.000000000000000000e+00,0.000000000000000000e+00
-4.287678959094799680e+00,-4.281092075561495847e+00,-4.281092075561495847e+00,-4.281456754462112713e+00,-4.803960160000000812e+00,-4.803960160000000812e+00
-3.558675183182236079e+00,-3.541989600808610916e+00,-3.541989600808610916e+00,-3.541214810256466894e+00,-3.881592000000000375e+00,-3.881592000000000375e+00
-3.935110272900076644e+00,-3.923158567821549259e+00,-3.923158567821549259e+00,-3.937423634790765625e+00,-4.803960160000000812e+00,-4.803960160000000812e+00
-2.994120986387633909e+00,-2.985610678632873771e+00,-2.985610678632873771e+00,-3.014387819856079176e+00,-1.645923474904476436e+00,-3.881592000000000375e+00
0.000000000000000000e+00,0.000000000000000000e+00,0.000000000000000000e+00,0.000000000000000000e+00,0.000000000000000000e+00,0.000000000000000000e+00
-3.002098444869987226e+00,-2.985610678632873771e+00,-2.985610678632873771e+00,-3.041637077517742149e+00,-1.647472177534456961e+00,-3.881592000000000375e+00
-1.879922890373560085e+00,-1.858263589239396385e+00,-1.858263589239396385e+00,-1.860737475646011552e+00,2.239273544982014741e+01,-1.979999999999999982e+00
-3.698971399079626465e+00,-3.708432596655829361e+00,-3.708432596655829361e+00,-3.718415482040390074e+00,-3.881592000000000375e+00,-3.881592000000000375e+00
-4.340939134531138777e+00,-4.336902220526237528e+00,-4.336902220526237528e+00,-4.344488587935539492e+00,-4.803960160000000812e+00,-4.803960160000000812e+00
0.000000000000000000e+00,0.000000000000000000e+00,0.000000000000000000e+00,0.000000000000000000e+00,0.000000000000000000e+00,0.000000000000000000e+00
-4.176502617216424795e+00,-4.171884828971857750e+00,-4.171884828971857750e+00,-4.178606418490731222e+00,-4.803960160000000812e+00,-4.803960160000000812e+00
-4.892863566318174762e+00,-4.892372219112774090e+00,-4.892372219112774090e+00,-4.892770298246401417e+00,-5.707880956800000405e+00,-5.707880956800000405e+00
-4.933896894663122978e+00,-4.933724928867539994e+00,-4.933724928867539994e+00,-4.933414875946271039e+00,-5.707880956800000405e+00,-5.707880956800000405e+00
-4.920003140263518482e+00,-4.920509446450405555e+00,-4.920509446450405555e+00,-4.921120681160535248e+00,-5.707880956800000405e+00,-5.707880956800000405e+00
0.000000000000000000e+00,0.000000000000000000e+00,0.000000000000000000e+00,0.000000000000000000e+00,0.000000000000000000e+00,0.000000000000000000e+00
-2.538032122205833296e+00,-2.583934358971417211e+00,-2.583934358971417211e+00,-8.060458419276204101e-01,-2.940400000000000347e+00,-2.576567036818651957e+00
-1.000000000000000056e-01,-1.000000000000000056e-01,-1.000000000000000056e-01,-1.000000000000000056e-01,-1.000000000000000000e+00,1.999999999999998934e+01
-2.559106914304400515e+00,-2.583934358971417211e+00,-2.583934358971417211e+00,-8.064899594892319667e-01,-2.940400000000000347e+00,-2.631248264136090587e+00
2.933548602480996337e+01,-1.231790292625490668e+00,-1.231790292625490668e+00,-1.219266722149754179e+00,-1.979999999999999982e+00,-1.329637731983690063e+00
0.000000000000000000e+00,0.000000000000000000e+00,0.000000000000000000e+00,0.000000000000000000e+00,0.000000000000000000e+00,0.000000000000000000e+00
-3.424059155236584218e+00,-2.318348244498683375e+00,-3.444626094078961032e+00,-3.419275011410422227e+00,-3.881592000000000375e+00,-3.881592000000000375e+00
-2.138861436415687045e+00,1.553107027891640124e+00,-2.156363506813443021e+00,-2.160119120249703428e+00,-2.940400000000000347e+00,-2.940400000000000347e+00
-2.971518097767206434e+00,6.720544212881748969e+00,-2.973805918097484735e+00,-2.944500692482524329e+00,-2.940400000000000347e+00,-2.940400000000000347e+00
-4.179980138453184502e+00,-4.190559570761149821e+00,-4.189184710188665228e+00,-4.188447132392420613e+00,-4.803960160000000812e+00,-4.803960160000000812e+00
0.000000000000000000e+00,0.000000000000000000e+00,0.000000000000000000e+00,0.000000000000000000e+00,0.000000000000000000e+00,0.000000000000000000e+00
-4.184913034246303454e+00,-4.173214339852091115e+00,-4.187468075374916054e+00,-4.188447132392420613e+00,-4.803960160000000812e+00,-4.803960160000000812e+00
-3.460600739598458375e+00,-3.452943063126520329e+00,-3.412266578523475147e+00,-3.481871720958570116e+00,-3.881592000000000375e+00,-3.881592000000000375e+00
-1.364361796402035587e+00,-2.842532024611524211e+00,-2.841636955614440740e+00,-2.816068020640341008e+00,-2.940400000000000347e+00,-2.940400000000000347e+00
-3.572440293042715265e+00,-3.926416971256322608e+00,-3.910323794806034758e+00,-3.923158567821549259e+00,-4.803960160000000812e+00,-4.803960160000000812e+00
0.000000000000000000e+00,0.000000000000000000e+00,0.000000000000000000e+00,0.000000000000000000e+00,0.000000000000000000e+00,0.000000000000000000e+00
6.255159201433343474e-01,-3.650593898831117734e+00,-3.668896976803404542e+00,-3.655177630836973446e+00,-3.881592000000000375e+00,-3.881592000000000375e+00
-4.901572077184821019e+00,-4.900930221575184653e+00,-4.902853441821510394e+00,-4.902713010542603556e+00,-5.707880956800000405e+00,-5.707880956800000405e+00
-4.938054461750485125e+00,-4.938744734765616151e+00,-4.937975194496088349e+00,-4.937622433250699494e+00,-5.707880956800000405e+00,-5.707880956800000405e+00
-4.927026364734528485e+00,-4.927606795201179501e+00,-4.926616097003798878e+00,-4.926680444385080015e+00,-5.707880956800000405e+00,-5.707880956800000405e+00
0.000000000000000000e+00,0.000000000000000000e+00,0.000000000000000000e+00,0.000000000000000000e+00,0.000000000000000000e+00,0.000000000000000000e+00
-1.980000000000000093e-01,1.499999999999999467e+01,-2.052000000000000490e-01,-1.980000000000000093e-01,-1.000000000000000000e+00,-1.000000000000000000e+00
2.428698489037174613e-01,-2.404172100554498481e+00,-2.354213146701455095e+00,-2.380584298325537418e+00,-2.940400000000000347e+00,-2.940400000000000347e+00
7.799999301845240041e+00,-8.420049661372813743e-01,-8.543240733390733421e-01,-8.312611893492507509e-01,-1.000000000000000000e+00,-1.000000000000000000e+00
2.251652144245526443e+01,-1.856924257996416028e+00,-1.853148814874235661e+00,-1.858263589239396385e+00,-1.979999999999999982e+00,-1.979999999999999982e+00
0.000000000000000000e+00,0.000000000000000000e+00,0.000000000000000000e+00,0.000000000000000000e+00,0.000000000000000000e+00,0.000000000000000000e+00
-3.611026099483928498e+00,-3.584960194575548709e+00,-3.599726812616590443e+00,-2.870928560250992856e+00,-3.881592000000000375e+00,-3.881592000000000375e+00
-2.405621018789872778e+00,-2.372744150219094017e+00,-2.380584298325537418e+00,2.398884717263091992e-01,-2.940400000000000347e+00,-2.940400000000000347e+00
-3.109122829191817594e+00,6.153683724493032692e+00,-3.141991428126955199e+00,-3.108623312619871015e+00,-3.881592000000000375e+00,-3.881592000000000375e+00
-4.174087360257797918e+00,-4.181662668115812664e+00,-4.171884828971857750e+00,-4.169486912481354501e+00,-4.803960160000000812e+00,-4.803960160000000812e+00
0.000000000000000000e+00,0.000000000000000000e+00,0.000000000000000000e+00,0.000000000000000000e+00,0.000000000000000000e+00,0.000000000000000000e+00
-4.165553803429447477e+00,-4.167443106477429104e+00,-4.171884828971857750e+00,-4.170442924097469195e+00,-4.803960160000000812e+00,-4.803960160000000812e+00
-2.034806187171740444e+00,-3.363319389664582548e+00,-3.354097263026262432e+00,-3.376357569025854044e+00,-3.881592000000000375e+00,-3.881592000000000375e+00
-2.955527350274286924e+00,-2.983844691511452041e+00,-2.985610678632873771e+00,-2.830474660711280510e+00,-3.881592000000000375e+00,-3.881592000000000375e+00
-3.886227442773409368e+00,-3.973097365295006345e+00,-3.965801488535816155e+00,-3.970510429509590988e+00,-4.803960160000000812e+00,-4.803960160000000812e+00
0.000000000000000000e+00,0.000000000000000000e+00,0.000000000000000000e+00,0.000000000000000000e+00,0.000000000000000000e+00,0.000000000000000000e+00
-3.143715929730033665e+00,-3.744311625343160976e+00,-3.734263944722712836e+00,-3.736589599068444567e+00,-3.881592000000000375e+00,-3.881592000000000375e+00
-4.902419616206329600e+00,-4.902330743323239481e+00,-4.900727561778166930e+00,-4.900841123023838009e+00,-5.707880956800000405e+00,-5.707880956800000405e+00
-4.938223509213924167e+00,-4.937150632988523746e+00,-4.937622433250699494e+00,-4.937991761546258296e+00,-5.707880956800000405e+00,-5.707880956800000405e+00
-4.926887893455086598e+00,-4.926643161557517914e+00,-4.926680444385080015e+00,-4.926958319595042823e+00,-5.707880956800000405e+00,-5.707880956800000405e+00
0.000000000000000000e+00,0.000000000000000000e+00,0.000000000000000000e+00,0.000000000000000000e+00,0.000000000000000000e+00,0.000000000000000000e+00
-3.005200000000000093e-01,-3.535000000000000364e-01,-2.940400000000000236e-01,1.140557548592001230e-01,-1.000000000000000000e+00,-1.000000000000000000e+00
-1.252228040875083881e+00,-2.101298558973478503e+00,-2.102162367601738246e+00,-2.162256626891073452e+00,-2.940400000000000347e+00,-2.940400000000000347e+00
-1.006118819179197210e+00,-1.002879828706120913e+00,-9.963432462510204424e-01,-9.649302533064759713e-01,-1.000000000000000000e+00,-1.000000000000000000e+00
1.076435141107234816e-02,-1.693047562862022737e+00,-1.661960141224528176e+00,-1.646817148019150245e+00,-1.979999999999999982e+00,-1.979999999999999982e+00
0.000000000000000000e+00,0.000000000000000000e+00,0.000000000000000000e+00,0.000000000000000000e+00,0.000000000000000000e+00,0.000000000000000000e+00
-4.121190899888317993e+00,-4.164437074886688350e+00,-4.175388160455907993e+00,-4.171884828971857750e+00,-4.803960160000000812e+00,-4.803960160000000812e+00
-2.851640368620952160e+00,-3.336226945927608600e+00,-3.303938036350886343e+00,-3.320507411251287788e+00,-3.881592000000000375e+00,-3.881592000000000375e+00
-7.729041312610877013e-01,-3.732731610711740977e+00,-3.751792132344740072e+00,-3.734263944722712836e+00,-3.881592000000000375e+00,-3.881592000000000375e+00
-3.672595543207714641e+00,-3.651114369576107244e+00,-3.368538472887726343e+00,-3.655177630836973446e+00,-3.881592000000000375e+00,-3.881592000000000375e+00
0.000000000000000000e+00,0.000000000000000000e+00,0.000000000000000000e+00,0.000000000000000000e+00,0.000000000000000000e+00,0.000000000000000000e+00
-3.668300481210017061e+00,-3.661161316117989450e+00,-3.403670435685937523e+00,-3.655177630836973446e+00,-3.881592000000000375e+00,-3.881592000000000375e+00
-2.655661529205433968e+00,-2.601847630969464031e+00,7.814159967970732090e+00,-2.632255671791988938e+00,-2.940400000000000347e+00,-2.940400000000000347e+00
-2.741301677253828117e+00,-3.424886595814724544e+00,-3.416853584888511541e+00,-3.419275011410422227e+00,-3.881592000000000375e+00,-3.881592000000000375e+00
-4.128828846242316608e+00,-4.230569628021197737e+00,-4.235117708276373349e+00,-4.236172933430687237e+00,-4.803960160000000812e+00,-4.803960160000000812e+00
0.000000000000000000e+00,0.000000000000000000e+00,0.000000000000000000e+00,0.000000000000000000e+00,0.000000000000000000e+00,0.000000000000000000e+00
-2.187596802871403234e+00,-4.016667400864538884e+00,-4.029847507715420996e+00,-4.026620634598002901e+00,-4.803960160000000812e+00,-4.803960160000000812e+00
-4.894358499011574715e+00,-4.894347309760550324e+00,-4.893062791530766731e+00,-4.892372219112774090e+00,-5.707880956800000405e+00,-5.707880956800000405e+00
-4.933873620464100718e+00,-4.933891169685936440e+00,-4.934125375425569615e+00,-4.933724928867539994e+00,-5.707880956800000405e+00,-5.707880956800000405e+00
-4.922186202599481142e+00,-4.921954728973769733e+00,-4.921955101458179271e+00,-4.920509446450405555e+00,-5.707880956800000405e+00,-5.707880956800000405e+00
0.000000000000000000e+00,0.000000000000000000e+00,0.000000000000000000e+00,0.000000000000000000e+00,0.000000000000000000e+00,0.000000000000000000e+00
-8.636488942410545100e-01,-1.649974044294553632e+00,-1.622653685559507286e+00,-1.661960141224528176e+00,-1.979999999999999982e+00,-1.979999999999999982e+00
-6.433994809200680454e-01,-5.707554868416000460e-01,7.799999999999859490e+00,-5.707880956800001071e-01,-1.000000000000000000e+00,-1.000000000000000000e+00
-5.651249933885144072e-01,-1.695959872183046890e+00,-1.677965982582419135e+00,-1.728720938400037710e+00,-1.979999999999999982e+00,-1.979999999999999982e+00
-4.700615737169036024e-01,-7.891099292430722167e-01,-7.946114363905408817e-01,-8.312611893492507509e-01,-1.000000000000000000e+00,-1.000000000000000000e+00
0.000000000000000000e+00,0.000000000000000000e+00,0.000000000000000000e+00,0.000000000000000000e+00,0.000000000000000000e+00,0.000000000000000000e+00
-4.237104498425184218e+00,-4.247647711040587915e+00,-4.233544768376825473e+00,-4.234155791145325587e+00,-4.803960160000000812e+00,-4.803960160000000812e+00
-3.312864776656565979e+00,-3.424970086737567421e+00,-3.406575668284261837e+00,-3.396041925087377678e+00,-3.881592000000000375e+00,-3.881592000000000375e+00
-3.798499472428129575e+00,-3.815099201952799390e+00,-3.824488414333749642e+00,-3.103601076975148310e+00,-3.881592000000000375e+00,-3.881592000000000375e+00
-3.462136968085668620e+00,-3.461145944925716922e+00,-2.883688162030284996e+00,-3.463980273328673309e+00,-3.881592000000000375e+00,-3.881592000000000375e+00
0.000000000000000000e+00,0.000000000000000000e+00,0.000000000000000000e+00,0.000000000000000000e+00,0.000000000000000000e+00,0.000000000000000000e+00
-3.476132260884047920e+00,-3.468155719774967949e+00,-2.899597341537996087e+00,-3.479573921493186006e+00,-3.881592000000000375e+00,-3.881592000000000375e+00
-2.410669756451135459e+00,1.196800226031241188e+01,-2.392046163445950224e+00,-2.406330007287076356e+00,-2.940400000000000347e+00,-2.940400000000000347e+00
-3.238566138412323436e+00,-3.532916945181160617e+00,-3.531162505553379738e+00,-3.514560968309341504e+00,-3.881592000000000375e+00,-3.881592000000000375e+00
-4.286869115185222512e+00,-4.296870887159808028e+00,-4.307126564298590310e+00,-4.294363067429049607e+00,-4.803960160000000812e+00,-4.803960160000000812e+00
0.000000000000000000e+00,0.000000000000000000e+00,0.000000000000000000e+00,0.000000000000000000e+00,0.000000000000000000e+00,0.000000000000000000e+00
-3.035423460600310541e+00,-4.085250885090295547e+00,-4.073433654980560981e+00,-4.085346710531045922e+00,-4.803960160000000812e+00,-4.803960160000000812e+00
-4.890482828869737730e+00,-4.890361244169648458e+00,-4.891808698741995087e+00,-4.891573195800027918e+00,-5.707880956800000405e+00,-5.707880956800000405e+00
-4.932270074411500005e+00,-4.931965654413418498e+00,-4.933003491114710037e+00,-4.933019462618025486e+00,-5.707880956800000405e+00,-5.707880956800000405e+00
-4.921054613137668454e+00,-4.920854156153886549e+00,-4.920523210625491473e+00,-4.919780011466407643e+00,-5.707880956800000405e+00,-5.707880956800000405e+00
0.000000000000000000e+00,0.000000000000000000e+00,0.000000000000000000e+00,0.000000000000000000e+00,0.000000000000000000e+00,0.000000000000000000e+00
1.553594817971118536e+00,-1.846248224662431214e+00,-1.895922222890734865e+00,-1.852924515046169285e+00,-1.979999999999999982e+00,-1.979999999999999982e+00
-3.005200000000000093e-01,1.099999999999999112e+01,-2.934000000000000496e-01,-3.017232000000000247e-01,-1.000000000000000000e+00,-1.000000000000000000e+00
1.553586741729212628e+00,-1.955032370129048402e+00,-1.936847325767808936e+00,-1.913610954703975908e+00,-1.979999999999999982e+00,-1.979999999999999982e+00
4.874356800596067529e+01,-6.583459017664001767e-01,-6.611537401920001278e-01,-6.827638551966722646e-01,-1.000000000000000000e+00,-1.000000000000000000e+00
0.000000000000000000e+00,0.000000000000000000e+00,0.000000000000000000e+00,0.000000000000000000e+00,0.000000000000000000e+00,0.000000000000000000e+00
-4.287364229022836426e+00,-4.275793989515380922e+00,-4.281092075561495847e+00,-4.280762077387920250e+00,-4.803960160000000812e+00,-4.803960160000000812e+00
-3.504559067614276824e+00,-3.508998538595474059e+00,-3.512234286539398731e+00,-3.514665161228130774e+00,-3.881592000000000375e+00,-3.881592000000000375e+00
-3.835275276907118780e+00,-3.876593612175778247e+00,-3.878757359247760661e+00,-3.883543967723857016e+00,-3.881592000000000375e+00,-3.881592000000000375e+00
-3.297780863120411965e+00,-2.321606814160359189e+00,-3.286232052297232364e+00,-3.296952566944987506e+00,-3.881592000000000375e+00,-3.881592000000000375e+00
0.000000000000000000e+00,0.000000000000000000e+00,0.000000000000000000e+00,0.000000000000000000e+00,0.000000000000000000e+00,0.000000000000000000e+00
-3.299809304848964064e+00,-2.326274142786213694e+00,-3.286232052297232364e+00,-3.298187328165684384e+00,-3.881592000000000375e+00,-3.881592000000000375e+00
-2.246016143698017054e+00,1.307475017652857652e+01,-2.216916737844709218e+00,-2.244740989040193035e+00,-2.940400000000000347e+00,-2.940400000000000347e+00
-3.615104816833653700e+00,-3.641864326029915944e+00,-3.627732276364258546e+00,-3.612444194972704636e+00,-3.881592000000000375e+00,-3.881592000000000375e+00
-4.335018857193059461e+00,-4.343315094617760330e+00,-4.336902220526237528e+00,-4.330037342442528470e+00,-4.803960160000000812e+00,-4.803960160000000812e+00
0.000000000000000000e+00,0.000000000000000000e+00,0.000000000000000000e+00,0.000000000000000000e+00,0.000000000000000000e+00,0.000000000000000000e+00
-4.117187848828366192e+00,-4.147098671971982675e+00,-4.137739305468405959e+00,-4.130132423348743309e+00,-4.803960160000000812e+00,-4.803960160000000812e+00
-4.891581523680277321e+00,-4.891654090031585689e+00,-4.890175733788544754e+00,-4.889659455783309738e+00,-5.707880956800000405e+00,-5.707880956800000405e+00
-4.932813520106130944e+00,-4.932784948835014838e+00,-4.932372376395449010e+00,-4.932162887400800777e+00,-5.707880956800000405e+00,-5.707880956800000405e+00
-4.920079798797188708e+00,-4.919095908200268319e+00,-4.920509446450405555e+00,-4.920710538510695287e+00,-5.707880956800000405e+00,-5.707880956800000405e+00
0.000000000000000000e+00,0.000000000000000000e+00,0.000000000000000000e+00,0.000000000000000000e+00,0.000000000000000000e+00,0.000000000000000000e+00
-2.137235842724445778e+00,-2.216722193601651458e+00,-2.160119120249703428e+00,-2.000710321884797249e+00,-2.940400000000000347e+00,-2.940400000000000347e+00
-1.980000000000000093e-01,1.031045256850985581e+01,-1.980000000000000093e-01,-2.052000000000000490e-01,-1.000000000000000000e+00,-1.000000000000000000e+00
-2.191081607052386193e+00,-2.198810210396990872e+00,-2.216916737844709218e+00,-1.928542939902162523e+00,-2.940400000000000347e+00,-2.940400000000000347e+00
-7.734977480119237248e-01,-7.760115615754881180e-01,-8.312611893492507509e-01,3.797217634307357770e+01,-1.000000000000000000e+00,-1.000000000000000000e+00
0.000000000000000000e+00,0.000000000000000000e+00,0.000000000000000000e+00,0.000000000000000000e+00,0.000000000000000000e+00,0.000000000000000000e+00
-3.661757431078134228e+00,-3.087323283657648521e+00,-3.661544478092889854e+00,-3.655177630836973446e+00,-3.881592000000000375e+00,-3.881592000000000375e+00
-2.508111578518043672e+00,-6.526452797361026459e-01,-2.499283408575139642e+00,-2.484313160111846219e+00,-2.940400000000000347e+00,-2.940400000000000347e+00
-3.200917426628735907e+00,1.044206989239267580e+00,-3.171074145934351662e+00,-3.179151599564416397e+00,-3.881592000000000375e+00,-3.881592000000000375e+00
-4.163032964634627575e+00,-4.170689750447651889e+00,-4.167983649818350678e+00,-4.171884828971857750e+00,-4.803960160000000812e+00,-4.803960160000000812e+00
0.000000000000000000e+00,0.000000000000000000e+00,0.000000000000000000e+00,0.000000000000000000e+00,0.000000000000000000e+00,0.000000000000000000e+00
-4.137265685693142458e+00,-4.150916703354730508e+00,-4.141580539521735993e+00,-4.137739305468405959e+00,-4.803960160000000812e+00,-4.803960160000000812e+00
-3.402953070819917158e+00,-3.370463876418589244e+00,-2.843622911094861649e+00,-3.387015317765737166e+00,-3.881592000000000375e+00,-3.881592000000000375e+00
2.425419904218461542e-01,-2.584946216298832145e+00,-2.614941021021062628e+00,-2.583934358971417211e+00,-2.940400000000000347e+00,-2.940400000000000347e+00
-2.856186593135364493e+00,-3.781334448891037869e+00,-3.781487868283089693e+00,-3.784387092511693584e+00,-3.881592000000000375e+00,-3.881592000000000375e+00
0.000000000000000000e+00,0.000000000000000000e+00,0.000000000000000000e+00,0.000000000000000000e+00,0.000000000000000000e+00,0.000000000000000000e+00
6.107550789508169764e+00,-3.510341264337013545e+00,-3.509267155209909284e+00,-3.512234286539398731e+00,-3.881592000000000375e+00,-3.881592000000000375e+00
-4.899886460783334563e+00,-4.900881582476676712e+00,-4.901252898202070440e+00,-4.900727561778166930e+00,-5.707880956800000405e+00,-5.707880956800000405e+00
-4.938549476555306406e+00,-4.938998988341990248e+00,-4.938572708253460952e+00,-4.938869984585685380e+00,-5.707880956800000405e+00,-5.707880956800000405e+00
-4.926592886520465342e+00,-4.926730762304586619e+00,-4.926730829554091251e+00,-4.926680444385080015e+00,-5.707880956800000405e+00,-5.707880956800000405e+00
0.000000000000000000e+00,0.000000000000000000e+00,0.000000000000000000e+00,0.000000000000000000e+00,0.000000000000000000e+00,0.000000000000000000e+00
-4.755925612800000479e-01,1.099999999999999112e+01,-4.087923904000000386e-01,-3.881592000000000375e-01,-1.000000000000000000e+00,-1.000000000000000000e+00
-2.160344500644789001e+00,-2.142628376840833404e+00,1.553599999579237778e+00,-2.160119120249703428e+00,-2.940400000000000347e+00,-2.940400000000000347e+00
1.099999999999999112e+01,-5.843577672064002027e-01,-5.060141544959999571e-01,-5.707880956800001071e-01,-1.000000000000000000e+00,-1.000000000000000000e+00
-1.701397515429959650e+00,-1.721233203302569459e+00,2.940088607868883486e+01,-1.728720938400037710e+00,-1.979999999999999982e+00,-1.979999999999999982e+00
0.000000000000000000e+00,0.000000000000000000e+00,0.000000000000000000e+00,0.000000000000000000e+00,0.000000000000000000e+00,0.000000000000000000e+00
-3.828520029626375276e+00,-3.329167129556311000e+00,-3.823552045059656290e+00,-3.815562504801770061e+00,-3.881592000000000375e+00,-3.881592000000000375e+00
-2.762711932293381523e+00,-8.190385304572078695e-01,-2.764094116097861598e+00,-2.752176205962914679e+00,-2.940400000000000347e+00,-2.940400000000000347e+00
-3.392671754244298565e+00,3.775709929713267687e+00,-3.389764909080923871e+00,-3.387126994010863257e+00,-3.881592000000000375e+00,-3.881592000000000375e+00
-4.058691122741821644e+00,-4.060731550684963942e+00,-4.046457494587921033e+00,-4.067024515750141234e+00,-4.803960160000000812e+00,-4.803960160000000812e+00
0.000000000000000000e+00,0.000000000000000000e+00,0.000000000000000000e+00,0.000000000000000000e+00,0.000000000000000000e+00,0.000000000000000000e+00
-4.064378472499248218e+00,-4.075158586145492201e+00,-4.050444231508619986e+00,-4.052534606046320320e+00,-4.803960160000000812e+00,-4.803960160000000812e+00
-3.177320006292414956e+00,-3.162584184354290784e+00,9.312218690778858443e-01,-3.193283827563083044e+00,-3.881592000000000375e+00,-3.881592000000000375e+00
-2.964851082083453271e+00,-2.958317439467779586e+00,-2.970491581548023952e+00,-8.079713308462299626e-01,-2.940400000000000347e+00,-2.940400000000000347e+00
-3.963966295800301243e+00,-3.975296044963700037e+00,-3.979425083649890116e+00,-3.292946634170128117e+00,-4.803960160000000812e+00,-4.803960160000000812e+00
0.000000000000000000e+00,0.000000000000000000e+00,0.000000000000000000e+00,0.000000000000000000e+00,0.000000000000000000e+00,0.000000000000000000e+00
-3.742463741782717346e+00,-3.748392828595730641e+00,-3.733660426989744874e+00,3.702039135471109965e+00,-3.881592000000000375e+00,-3.881592000000000375e+00
-4.899091099949346884e+00,-4.899536105112551887e+00,-4.899367268722254032e+00,-4.898407477996663317e+00,-5.707880956800000405e+00,-5.707880956800000405e+00
-4.936553756841098206e+00,-4.936542992981908462e+00,-4.937527277866164077e+00,-4.937370926079263533e+00,-5.707880956800000405e+00,-5.707880956800000405e+00
-4.925929852103359430e+00,-4.925178912630161498e+00,-4.926181180280637228e+00,-4.926063453592586683e+00,-5.707880956800000405e+00,-5.707880956800000405e+00
0.000000000000000000e+00,0.000000000000000000e+00,0.000000000000000000e+00,0.000000000000000000e+00,0.000000000000000000e+00,0.000000000000000000e+00
-7.626499739674472700e-01,-6.973466263536002296e-01,-7.478365667748764212e-01,7.799999999998970424e+00,-1.000000000000000000e+00,-1.000000000000000000e+00
-1.688459135026708413e+00,-1.694418244594857459e+00,3.191999999952445322e+00,-1.737821247885965370e+00,-1.979999999999999982e+00,-1.979999999999999982e+00
-9.236694616606198061e-01,-9.635556425528017943e-01,-1.013644719867155208e+00,7.799999999998465050e+00,-1.000000000000000000e+00,-1.000000000000000000e+00
-1.344017842946816810e+00,-1.346035703800629646e+00,3.800278054776389070e+01,-1.314535348117281011e+00,-1.979999999999999982e+00,-1.979999999999999982e+00
0.000000000000000000e+00,0.000000000000000000e+00,0.000000000000000000e+00,0.000000000000000000e+00,0.000000000000000000e+00,0.000000000000000000e+00
-4.024082065269967146e+00,-4.027762692204133188e+00,-4.041122918903426786e+00,-3.711592816732330657e+00,-4.803960160000000812e+00,-4.803960160000000812e+00
-3.067118914974713562e+00,-3.084098538170507275e+00,-3.088492984513372619e+00,-1.693733167014355390e+00,-3.881592000000000375e+00,-3.881592000000000375e+00
-3.611436569790702489e+00,-3.632518009287407867e+00,-3.622745710654988294e+00,1.631188801668515875e+00,-3.881592000000000375e+00,-3.881592000000000375e+00
-3.881256412293488278e+00,-3.759912814968064509e+00,-3.861830671894088240e+00,-3.892947728453077794e+00,-3.881592000000000375e+00,-3.881592000000000375e+00
0.000000000000000000e+00,0.000000000000000000e+00,0.000000000000000000e+00,0.000000000000000000e+00,0.000000000000000000e+00,0.000000000000000000e+00
-3.871403313593649642e+00,-3.798907777753273596e+00,-3.869424236610397916e+00,-3.888348198391771149e+00,-3.881592000000000375e+00,-3.881592000000000375e+00
-2.891813976779668671e+00,4.248364850441856078e+00,-2.885582708687448150e+00,-2.888637744290008857e+00,-2.940400000000000347e+00,-2.940400000000000347e+00
-3.227941138233497931e+00,-3.222778590109493191e+00,-3.223571416386673327e+00,-1.656456581006868767e+00,-3.881592000000000375e+00,-3.881592000000000375e+00
-4.118961054349264295e+00,-4.133106943435165270e+00,-4.127315259899861921e+00,-3.668446111810516275e+00,-4.803960160000000812e+00,-4.803960160000000812e+00
0.000000000000000000e+00,0.000000000000000000e+00,0.000000000000000000e+00,0.000000000000000000e+00,0.000000000000000000e+00,0.000000000000000000e+00
-3.913830807533539513e+00,-3.915772754535971067e+00,-3.914907069593049460e+00,1.557892226997478868e+00,-4.803960160000000812e+00,-4.803960160000000812e+00
-4.895458948870415661e+00,-4.895788909248715903e+00,-4.894508585491570862e+00,-4.895315912973465799e+00,-5.707880956800000405e+00,-5.707880956800000405e+00
-4.934802931088055900e+00,-4.934539304986272690e+00,-4.934751446295503108e+00,-4.934677786200672323e+00,-5.707880956800000405e+00,-5.707880956800000405e+00
-4.922890089252961232e+00,-4.923332305882080817e+00,-4.923305056418843861e+00,-4.923680460332151121e+00,-5.707880956800000405e+00,-5.707880956800000405e+00
0.000000000000000000e+00,0.000000000000000000e+00,0.000000000000000000e+00,0.000000000000000000e+00,0.000000000000000000e+00,0.000000000000000000e+00
-1.265944847762165093e+00,-1.222078729445273737e+00,-1.289308030571246100e+00,5.239999999975034406e+00,-1.979999999999999982e+00,-1.979999999999999982e+00
-1.144562170412436242e+00,5.239999999996408420e+00,-1.091303350543078032e+00,-1.080482112210711554e+00,-1.979999999999999982e+00,-1.979999999999999982e+00
-1.415757395369463323e+00,-1.373357013176897068e+00,-1.435395921048267409e+00,5.239999999964355837e+00,-1.979999999999999982e+00,-1.979999999999999982e+00
-8.431336041015948801e-01,-8.549402474353602344e-01,4.875499998441000571e+01,-9.266464265450037319e-01,-1.000000000000000000e+00,-1.000000000000000000e+00
0.000000000000000000e+00,0.000000000000000000e+00,0.000000000000000000e+00,0.000000000000000000e+00,0.000000000000000000e+00,0.000000000000000000e+00
-4.190582714530945552e+00,-4.181993310520780938e+00,-4.180825159199154761e+00,-4.048009781135851526e+00,-4.803960160000000812e+00,-4.803960160000000812e+00
-3.342939160918440678e+00,-3.308772886625349408e+00,-3.309937648750346462e+00,-2.518183703520663119e+00,-3.881592000000000375e+00,-3.881592000000000375e+00
-3.767613715251551643e+00,-3.761719264155436893e+00,-3.757799497258778931e+00,-1.215141981953630435e+00,-3.881592000000000375e+00,-3.881592000000000375e+00
-3.670996717436292300e+00,-3.539215023568228702e+00,-3.661160848848916238e+00,-3.657304852283710606e+00,-3.881592000000000375e+00,-3.881592000000000375e+00
0.000000000000000000e+00,0.000000000000000000e+00,0.000000000000000000e+00,0.000000000000000000e+00,0.000000000000000000e+00,0.000000000000000000e+00
-3.663330275270679781e+00,-3.570759160888343775e+00,-3.658210096021709212e+00,-3.670296021118146346e+00,-3.881592000000000375e+00,-3.881592000000000375e+00
-2.655600810416958613e+00,2.818259659910392845e+00,-2.616850805998345297e+00,-2.638315439191740275e+00,-2.940400000000000347e+00,-2.940400000000000347e+00
-3.450220024808158481e+00,-3.440421221250068218e+00,-3.437964829651697585e+00,-2.384199112805247101e+00,-3.881592000000000375e+00,-3.881592000000000375e+00
-4.237669120930249278e+00,-4.238079251765240585e+00,-4.246569319214382965e+00,-4.021007422091715355e+00,-4.803960160000000812e+00,-4.803960160000000812e+00
0.000000000000000000e+00,0.000000000000000000e+00,0.000000000000000000e+00,0.000000000000000000e+00,0.000000000000000000e+00,0.000000000000000000e+00
-4.032229170418440312e+00,-4.048378855923039588e+00,-4.039019049569104070e+00,-4.652760531844580272e-01,-4.803960160000000812e+00,-4.803960160000000812e+00
-4.889597629457732353e+00,-4.888510688557865080e+00,-4.888839595809215233e+00,-4.889403281915277510e+00,-5.707880956800000405e+00,-5.707880956800000405e+00
-4.931457264260387774e+00,-4.930666063480086514e+00,-4.931020532406943602e+00,-4.932012749916902195e+00,-5.707880956800000405e+00,-5.707880956800000405e+00
-4.919921964414055715e+00,-4.918824110107473224e+00,-4.920059836684186116e+00,-4.919959026929477730e+00,-5.707880956800000405e+00,-5.707880956800000405e+00
0.000000000000000000e+00,0.000000000000000000e+00,0.000000000000000000e+00,0.000000000000000000e+00,0.000000000000000000e+00,0.000000000000000000e+00
-1.726561731688762036e+00,-1.698369223499391678e+00,-1.676185087006546226e+00,3.191999999693362788e+00,-1.979999999999999982e+00,-1.979999999999999982e+00
-6.565761985950722135e-01,7.799999870619469533e+00,-6.081573077598720900e-01,-6.299009603761103193e-01,-1.000000000000000000e+00,-1.000000000000000000e+00
-1.816069684672512174e+00,-1.780975797532752036e+00,-1.815068018256363214e+00,3.191999999579624880e+00,-1.979999999999999982e+00,-1.979999999999999982e+00
6.219527441786092936e+01,-4.808164960000000931e-01,-4.828644000000000269e-01,-5.065330092544000351e-01,-1.000000000000000000e+00,-1.000000000000000000e+00
0.000000000000000000e+00,0.000000000000000000e+00,0.000000000000000000e+00,0.000000000000000000e+00,0.000000000000000000e+00,0.000000000000000000e+00
-4.268239721964714128e+00,-4.274567537756079005e+00,-4.266420485266832152e+00,-4.260481762650019100e+00,-4.803960160000000812e+00,-4.803960160000000812e+00
-3.473795496069594257e+00,-3.442856286700163082e+00,-3.450889511182213987e+00,-3.355118978498990323e+00,-3.881592000000000375e+00,-3.881592000000000375e+00
-3.847961243607002313e+00,-3.848397385180705399e+00,-3.855874856375266280e+00,-3.124261750954563599e+00,-3.881592000000000375e+00,-3.881592000000000375e+00
-3.525078112792753071e+00,-3.032730235178595191e+00,-3.512234286539398731e+00,-3.504410493928914683e+00,-3.881592000000000375e+00,-3.881592000000000375e+00
0.000000000000000000e+00,0.000000000000000000e+00,0.000000000000000000e+00,0.000000000000000000e+00,0.000000000000000000e+00,0.000000000000000000e+00
-3.522992634045737592e+00,-3.146712484494339268e+00,-3.512234286539398731e+00,-3.517494219728985350e+00,-3.881592000000000375e+00,-3.881592000000000375e+00
-2.488194514894280118e+00,3.053093927814237496e+00,-2.484313160111846219e+00,-2.505171243310794438e+00,-2.940400000000000347e+00,-2.940400000000000347e+00
-3.557332310882335147e+00,-3.561922372645743629e+00,-3.571149808792438929e+00,-3.224049050289232277e+00,-3.881592000000000375e+00,-3.881592000000000375e+00
-4.307756543408892469e+00,-4.312478564028302763e+00,-4.309560829369260659e+00,-4.295945270531000837e+00,-4.803960160000000812e+00,-4.803960160000000812e+00
0.000000000000000000e+00,0.000000000000000000e+00,0.000000000000000000e+00,0.000000000000000000e+00,0.000000000000000000e+00,0.000000000000000000e+00
-4.117123212473531524e+00,-4.112372559398681737e+00,-4.102185865752193017e+00,-3.348786648546687950e+00,-4.803960160000000812e+00,-4.803960160000000812e+00
-4.889251036086834645e+00,-4.888311004037283247e+00,-4.887934422233208842e+00,-4.888113932948141560e+00,-5.707880956800000405e+00,-5.707880956800000405e+00
-4.929975190989660305e+00,-4.930879466223655250e+00,-4.930992220811682536e+00,-4.931200190140994088e+00,-5.707880956800000405e+00,-5.707880956800000405e+00
-4.918329795886291933e+00,-4.919304556937202477e+00,-4.918887190255516018e+00,-4.918186029309306484e+00,-5.707880956800000405e+00,-5.707880956800000405e+00
0.000000000000000000e+00,0.000000000000000000e+00,0.000000000000000000e+00,0.000000000000000000e+00,0.000000000000000000e+00,0.000000000000000000e+00
-1.941514259186351010e+00,-1.970057102615858202e+00,-1.921098317454608573e+00,-1.765605028624451123e+00,-1.979999999999999982e+00,-1.979999999999999982e+00
-3.885480000000001155e-01,3.078555726821913918e+00,-3.881592000000000375e-01,-4.033507402321920843e-01,-1.000000000000000000e+00,-1.000000000000000000e+00
-2.018560161398568198e+00,-2.047199768915026308e+00,-2.043022824083406075e+00,-1.716887088885325596e+00,-2.940400000000000347e+00,-2.940400000000000347e+00
-5.210986224000000444e-01,-5.055039276543999982e-01,-5.707880956800001071e-01,1.386494281889038005e+00,-1.000000000000000000e+00,-1.000000000000000000e+00
0.000000000000000000e+00,0.000000000000000000e+00,0.000000000000000000e+00,0.000000000000000000e+00,0.000000000000000000e+00,0.000000000000000000e+00
-3.736662750742810069e+00,-3.708354631373271815e+00,-3.734263944722712836e+00,-3.734263944722712836e+00,-3.881592000000000375e+00,-3.881592000000000375e+00
-2.732374816890645874e+00,-2.283544820817493548e+00,-2.726018347189026247e+00,-2.726018347189026247e+00,-2.940400000000000347e+00,-2.940400000000000347e+00
-3.293325010773370032e+00,-2.424802935771042112e+00,-3.286232052297232364e+00,-3.286232052297232364e+00,-3.881592000000000375e+00,-3.881592000000000375e+00
-4.196820252126276074e+00,-4.206798179855918640e+00,-4.204678189744572414e+00,-4.204678189744572414e+00,-4.803960160000000812e+00,-4.803960160000000812e+00
0.000000000000000000e+00,0.000000000000000000e+00,0.000000000000000000e+00,0.000000000000000000e+00,0.000000000000000000e+00,0.000000000000000000e+00
-4.161450560645837626e+00,-4.169929353508250003e+00,-4.171884828971857750e+00,-4.171884828971857750e+00,-4.803960160000000812e+00,-4.803960160000000812e+00
-3.540089453809422526e+00,-3.513625771019824651e+00,-3.541989600808610916e+00,-3.541989600808610916e+00,-3.881592000000000375e+00,-3.881592000000000375e+00
1.553527045719838240e+00,-2.114074354149049206e+00,-2.160119120249703428e+00,-2.160119120249703428e+00,-2.940400000000000347e+00,-2.940400000000000347e+00
-2.316707788653059374e+00,-3.544793467392050701e+00,-3.512234286539398731e+00,-3.512234286539398731e+00,-3.881592000000000375e+00,-3.881592000000000375e+00
0.000000000000000000e+00,0.000000000000000000e+00,0.000000000000000000e+00,0.000000000000000000e+00,0.000000000000000000e+00,0.000000000000000000e+00
8.999430089679682609e+00,-3.228167012622516374e+00,-3.215568567573128256e+00,-3.215568567573128256e+00,-3.881592000000000375e+00,-3.881592000000000375e+00
-4.900851896103000982e+00,-4.902299256533830807e+00,-4.900727561778166930e+00,-4.900727561778166930e+00,-5.707880956800000405e+00,-5.707880956800000405e+00
-4.938879254551506115e+00,-4.939102894436503632e+00,-4.938869984585685380e+00,-4.938869984585685380e+00,-5.707880956800000405e+00,-5.707880956800000405e+00
-4.926694321001291677e+00,-4.926879938698643713e+00,-4.926680444385080015e+00,-4.926680444385080015e+00,-5.707880956800000405e+00,-5.707880956800000405e+00
0.000000000000000000e+00,0.000000000000000000e+00,0.000000000000000000e+00,0.000000000000000000e+00,0.000000000000000000e+00,0.000000000000000000e+00
-7.727457447722611006e-01,7.799999893436180720e+00,-7.461848870910721132e-01,-7.461848870910721132e-01,-1.000000000000000000e+00,-1.000000000000000000e+00
-2.564915290646327506e+00,2.428763373531571679e-01,-2.534626896909609517e+00,-2.534626896909609517e+00,-2.940400000000000347e+00,-2.940400000000000347e+00
1.499999999999999467e+01,-2.058400000000000230e-01,-1.980000000000000093e-01,-1.980000000000000093e-01,-1.000000000000000000e+00,-1.000000000000000000e+00
-2.157663391072458303e+00,2.251377936055348883e+01,-2.102162367601738246e+00,-2.102162367601738246e+00,-2.940400000000000347e+00,-2.940400000000000347e+00
0.000000000000000000e+00,0.000000000000000000e+00,0.000000000000000000e+00,0.000000000000000000e+00,0.000000000000000000e+00,0.000000000000000000e+00
-3.959594657603758172e+00,-3.907640528324401341e+00,-3.943177172578648193e+00,-3.944695396465118353e+00,-4.803960160000000812e+00,-4.803960160000000812e+00
-3.024276024403696361e+00,-2.516748876078689356e+00,-3.011783613020063477e+00,-3.025898465060216314e+00,-3.881592000000000375e+00,-3.881592000000000375e+00
-3.584799924276997896e+00,-3.295829135040448388e-02,-3.597302348271605776e+00,-3.571149808792438929e+00,-3.881592000000000375e+00,-3.881592000000000375e+00
-4.077000468016436230e+00,-4.080911436192380393e+00,-4.077306951703803861e+00,-4.065166457467922712e+00,-4.803960160000000812e+00,-4.803960160000000812e+00
0.000000000000000000e+00,0.000000000000000000e+00,0.000000000000000000e+00,0.000000000000000000e+00,0.000000000000000000e+00,0.000000000000000000e+00
-4.068655971561931040e+00,-4.075751305541081670e+00,-4.066932606523223193e+00,-4.065166457467922712e+00,-4.803960160000000812e+00,-4.803960160000000812e+00
-3.197477336098777823e+00,-3.178707218350356190e+00,-3.155328590238225317e+00,-3.179151599564416397e+00,-3.881592000000000375e+00,-3.881592000000000375e+00
-3.155359393556721237e+00,-2.340017229869530535e+00,-3.168470164327930938e+00,-3.179151599564416397e+00,-3.881592000000000375e+00,-3.881592000000000375e+00
-4.099602465773416249e+00,-3.814149910476397842e+00,-4.102136006454234263e+00,-4.083863128318563795e+00,-4.803960160000000812e+00,-4.803960160000000812e+00
0.000000000000000000e+00,0.000000000000000000e+00,0.000000000000000000e+00,0.000000000000000000e+00,0.000000000000000000e+00,0.000000000000000000e+00
-3.858761690052981752e+00,-8.927665019562336379e-01,-3.853087787933858976e+00,-3.855874856375266280e+00,-3.881592000000000375e+00,-3.881592000000000375e+00
-4.897946769315215221e+00,-4.898251859076458992e+00,-4.898417094688939599e+00,-4.896634279235908771e+00,-5.707880956800000405e+00,-5.707880956800000405e+00
-4.936113433389225591e+00,-4.936622511378627287e+00,-4.935434959067744209e+00,-4.936349421684386840e+00,-5.707880956800000405e+00,-5.707880956800000405e+00
-4.926179711250372684e+00,-4.926377428144613546e+00,-4.925291460055582604e+00,-4.925184126923550565e+00,-5.707880956800000405e+00,-5.707880956800000405e+00
0.000000000000000000e+00,0.000000000000000000e+00,0.000000000000000000e+00,0.000000000000000000e+00,0.000000000000000000e+00,0.000000000000000000e+00
-9.951052674583198421e-01,-9.703783896536368747e-01,-9.655841897242147809e-01,-9.963432462510204424e-01,-1.000000000000000000e+00,-1.000000000000000000e+00
-1.525456945609955817e+00,-1.545513673002907318e+00,-1.551366314997680851e+00,-1.524323345714835520e+00,-1.979999999999999982e+00,-1.979999999999999982e+00
-1.149618290947309829e+00,-1.127677895545507347e+00,-1.119787085153840067e+00,-1.154888053699480110e+00,-1.979999999999999982e+00,-1.979999999999999982e+00
-1.173817720694225519e+00,-1.188094888054956444e+00,-1.186432926103057062e+00,-1.154888053699480110e+00,-1.979999999999999982e+00,-1.979999999999999982e+00
0.000000000000000000e+00,0.000000000000000000e+00,0.000000000000000000e+00,0.000000000000000000e+00,0.000000000000000000e+00,0.000000000000000000e+00
-4.019142718710870810e+00,-4.002532630326049556e+00,-4.006755749589798299e+00,-4.010276768109902967e+00,-4.803960160000000812e+00,-4.803960160000000812e+00
-3.114829865530412967e+00,-2.862820293396000970e+00,-3.104072885843832008e+00,-3.112467484099087578e+00,-3.881592000000000375e+00,-3.881592000000000375e+00
-3.665390610324232856e+00,-3.657037983182027219e+00,-3.655177630836973446e+00,-2.924387405929946837e+00,-3.881592000000000375e+00,-3.881592000000000375e+00
-4.020380328656734115e+00,-4.014324509825260456e+00,-4.026620634598002901e+00,-4.018836837061206424e+00,-4.803960160000000812e+00,-4.803960160000000812e+00
0.000000000000000000e+00,0.000000000000000000e+00,0.000000000000000000e+00,0.000000000000000000e+00,0.000000000000000000e+00,0.000000000000000000e+00
-4.030308238140344557e+00,-4.021818164472965584e+00,-4.026620634598002901e+00,-4.025814017089780705e+00,-4.803960160000000812e+00,-4.803960160000000812e+00
-3.082535353501564934e+00,-1.491448955418875233e+00,-3.104072885843832008e+00,-3.103436423760613572e+00,-3.881592000000000375e+00,-3.881592000000000375e+00
-3.284718277483843707e+00,-2.846953321151159955e+00,-3.286232052297232364e+00,-3.283494635833708486e+00,-3.881592000000000375e+00,-3.881592000000000375e+00
-4.152491948259953602e+00,-4.094738384728933589e+00,-4.154984519359038231e+00,-4.148822368848199105e+00,-4.803960160000000812e+00,-4.803960160000000812e+00
0.000000000000000000e+00,0.000000000000000000e+00,0.000000000000000000e+00,0.000000000000000000e+00,0.000000000000000000e+00,0.000000000000000000e+00
-3.923851209936661810e+00,-3.071840077622693954e+00,-3.923158567821549259e+00,-3.908174090019362890e+00,-4.803960160000000812e+00,-4.803960160000000812e+00
-4.897816046931847467e+00,-4.898369169960968605e+00,-4.896634279235908771e+00,-4.897177677860954148e+00,-5.707880956800000405e+00,-5.707880956800000405e+00
-4.935373051211211504e+00,-4.935451623702850732e+00,-4.935050430290189638e+00,-4.935095985775786787e+00,-5.707880956800000405e+00,-5.707880956800000405e+00
-4.924089867176948410e+00,-4.925322917794981770e+00,-4.925184126923550565e+00,-4.925410411704496561e+00,-5.707880956800000405e+00,-5.707880956800000405e+00
0.000000000000000000e+00,0.000000000000000000e+00,0.000000000000000000e+00,0.000000000000000000e+00,0.000000000000000000e+00,0.000000000000000000e+00
-1.098049570209626236e+00,-1.123857064023373376e+00,-1.076416381326000149e+00,-1.104522083428087997e+00,-1.979999999999999982e+00,-1.979999999999999982e+00
-1.395115491874858504e+00,-1.373907010270064788e+00,-1.381011397037521293e+00,-1.385371173684257773e+00,-1.979999999999999982e+00,-1.979999999999999982e+00
-1.248264177469133873e+00,-1.268698812066795245e+00,-1.231790292625490668e+00,-1.261459809935486565e+00,-1.979999999999999982e+00,-1.979999999999999982e+00
-1.073624994701097624e+00,-1.065403610251992372e+00,-1.076416381326000149e+00,-1.032345258759297613e+00,-1.979999999999999982e+00,-1.979999999999999982e+00
0.000000000000000000e+00,0.000000000000000000e+00,0.000000000000000000e+00,0.000000000000000000e+00,0.000000000000000000e+00,0.000000000000000000e+00
-4.288933584109921426e+00,-4.274342401734693375e+00,-4.278995762315336293e+00,-4.281092075561495847e+00,-4.803960160000000812e+00,-4.803960160000000812e+00
-3.496819587935336315e+00,-3.321861855294886645e+00,-3.477622764838996794e+00,-3.481871720958570116e+00,-3.881592000000000375e+00,-3.881592000000000375e+00
-3.870373625251354088e+00,-3.419555673767007420e+00,-3.879832035420214709e+00,-3.878757359247760661e+00,-3.881592000000000375e+00,-3.881592000000000375e+00
-3.747829410770649350e+00,-3.742578580985980174e+00,-3.740044630533926107e+00,-3.734263944722712836e+00,-3.881592000000000375e+00,-3.881592000000000375e+00
0.000000000000000000e+00,0.000000000000000000e+00,0.000000000000000000e+00,0.000000000000000000e+00,0.000000000000000000e+00,0.000000000000000000e+00
-3.722654670324722304e+00,-3.706061459632212784e+00,-3.695766427244125740e+00,-3.708432596655829361e+00,-3.881592000000000375e+00,-3.881592000000000375e+00
-2.742515381713518607e+00,-2.538444302357350857e+00,-2.728465849795125742e+00,-2.726018347189026247e+00,-2.940400000000000347e+00,-2.940400000000000347e+00
-3.593250040091097830e+00,-3.257175465838342721e+00,-3.596456659046393334e+00,-3.571149808792438929e+00,-3.881592000000000375e+00,-3.881592000000000375e+00
-4.306511654887178686e+00,-4.281461493293980958e+00,-4.302446852739041816e+00,-4.295470234050266178e+00,-4.803960160000000812e+00,-4.803960160000000812e+00
0.000000000000000000e+00,0.000000000000000000e+00,0.000000000000000000e+00,0.000000000000000000e+00,0.000000000000000000e+00,0.000000000000000000e+00
-4.121945832108590224e+00,-2.779415647105674569e+00,-4.123753310594672428e+00,-4.120142148437149210e+00,-4.803960160000000812e+00,-4.803960160000000812e+00
-4.883286414696760502e+00,-4.883630568021392726e+00,-4.881873466744304224e+00,-4.883313642475227923e+00,-5.707880956800000405e+00,-5.707880956800000405e+00
-4.926478329897604702e+00,-4.927201829419789014e+00,-4.927471353610650695e+00,-4.926680444385080015e+00,-5.707880956800000405e+00,-5.707880956800000405e+00
-4.914428421059780838e+00,-4.915478833816939286e+00,-4.915133212593413070e+00,-4.913819061631969021e+00,-5.707880956800000405e+00,-5.707880956800000405e+00
0.000000000000000000e+00,0.000000000000000000e+00,0.000000000000000000e+00,0.000000000000000000e+00,0.000000000000000000e+00,0.000000000000000000e+00
-2.080818338892139963e+00,1.553579527478174294e+00,-2.114894544838942902e+00,-2.102162367601738246e+00,-2.940400000000000347e+00,-2.940400000000000347e+00
-9.749342238891488543e-01,5.239997969942905343e+00,-9.432934120725555704e-01,-9.146359655622657847e-01,-1.000000000000000000e+00,-1.000000000000000000e+00
-2.177384624790475787e+00,1.553590609642656606e+00,-2.183490066095080895e+00,-2.160119120249703428e+00,-2.940400000000000347e+00,-2.940400000000000347e+00
7.899527441786095494e+01,-1.980000000000000093e-01,-2.052000000000000490e-01,-1.980000000000000093e-01,-1.000000000000000000e+00,-1.000000000000000000e+00
0.000000000000000000e+00,0.000000000000000000e+00,0.000000000000000000e+00,0.000000000000000000e+00,0.000000000000000000e+00,0.000000000000000000e+00
-4.318579245589564408e+00,-4.317222111177532184e+00,-4.309560829369260659e+00,-4.307015569172142122e+00,-4.803960160000000812e+00,-4.803960160000000812e+00
-3.583059523858829198e+00,-3.581541223095586091e+00,-3.571149808792438929e+00,-3.567211250558798508e+00,-3.881592000000000375e+00,-3.881592000000000375e+00
-3.928397183858230335e+00,-3.888052982178164640e+00,-3.923158567821549259e+00,-3.921737206475159443e+00,-4.803960160000000812e+00,-4.803960160000000812e+00
-3.666180623546446693e+00,-3.563350425887639616e+00,-3.655177630836973446e+00,-3.658686644663352361e+00,-3.881592000000000375e+00,-3.881592000000000375e+00
0.000000000000000000e+00,0.000000000000000000e+00,0.000000000000000000e+00,0.000000000000000000e+00,0.000000000000000000e+00,0.000000000000000000e+00
-3.643493815994901297e+00,-3.625446514350260330e+00,-3.655177630836973446e+00,-3.665405302723049985e+00,-3.881592000000000375e+00,-3.881592000000000375e+00
-2.675905458437436657e+00,-1.594096156185449420e+00,-2.679610558356149141e+00,-2.651956543909417707e+00,-2.940400000000000347e+00,-2.940400000000000347e+00
-3.679443154042794095e+00,-3.658092856460349207e+00,-3.682074078220233915e+00,-3.660947065212403206e+00,-3.881592000000000375e+00,-3.881592000000000375e+00
-4.321989976714590398e+00,-4.318705349666466908e+00,-4.309560829369260659e+00,-4.321130538347929040e+00,-4.803960160000000812e+00,-4.803960160000000812e+00
0.000000000000000000e+00,0.000000000000000000e+00,0.000000000000000000e+00,0.000000000000000000e+00,0.000000000000000000e+00,0.000000000000000000e+00
-4.164811476672459101e+00,-4.154193752032727893e+00,-4.154984519359038231e+00,-4.008793692918699136e+00,-4.803960160000000812e+00,-4.803960160000000812e+00
-4.883984243587010887e+00,-4.883470613621031298e+00,-4.883313642475227923e+00,-4.883630385122059714e+00,-5.707880956800000405e+00,-5.707880956800000405e+00
-4.927699029318704405e+00,-4.927778887974096023e+00,-4.926680444385080015e+00,-4.927679524157291269e+00,-5.707880956800000405e+00,-5.707880956800000405e+00
-4.915147395640772743e+00,-4.915672219647740704e+00,-4.913819061631969021e+00,-4.915195828858486493e+00,-5.707880956800000405e+00,-5.707880956800000405e+00
0.000000000000000000e+00,0.000000000000000000e+00,0.000000000000000000e+00,0.000000000000000000e+00,0.000000000000000000e+00,0.000000000000000000e+00
-2.162029801398068773e+00,-2.139104909598605442e+00,-2.102162367601738246e+00,-2.139366519469111161e+00,-2.940400000000000347e+00,-2.940400000000000347e+00
-7.750965904226029268e-01,-1.541083668950367358e-01,-7.461848870910721132e-01,-6.775408782604801505e-01,-1.000000000000000000e+00,-1.000000000000000000e+00
-2.208451274978122214e+00,-2.211178956281116825e+00,-2.216916737844709218e+00,-2.218783431520513716e+00,-2.940400000000000347e+00,-2.940400000000000347e+00
-2.790000000000000258e-01,-3.017232000000000247e-01,-2.940400000000000236e-01,1.915459953763999357e-01,-1.000000000000000000e+00,-1.000000000000000000e+00
0.000000000000000000e+00,0.000000000000000000e+00,0.000000000000000000e+00,0.000000000000000000e+00,0.000000000000000000e+00,0.000000000000000000e+00
-3.808699350661459704e+00,-3.821962953277153296e+00,-3.808699350661459704e+00,-3.808699350661459704e+00,-3.881592000000000375e+00,-3.881592000000000375e+00
-2.944500692482524329e+00,-2.907078794637034669e+00,-2.944500692482524329e+00,-2.944500692482524329e+00,-2.940400000000000347e+00,-2.940400000000000347e+00
-3.450889511182213987e+00,-3.382203227144176871e+00,-3.450889511182213987e+00,-3.450889511182213987e+00,-3.881592000000000375e+00,-3.881592000000000375e+00
-4.220584625949681090e+00,-4.229785626889852601e+00,-4.220584625949681090e+00,-4.220584625949681090e+00,-4.803960160000000812e+00,-4.803960160000000812e+00
0.000000000000000000e+00,0.000000000000000000e+00,0.000000000000000000e+00,0.000000000000000000e+00,0.000000000000000000e+00,0.000000000000000000e+00
-4.188447132392420613e+00,-4.192327465016371768e+00,-4.188447132392420613e+00,-4.188447132392420613e+00,-4.803960160000000812e+00,-4.803960160000000812e+00
-3.627732276364258546e+00,-3.630649805017578835e+00,-3.627732276364258546e+00,-3.627732276364258546e+00,-3.881592000000000375e+00,-3.881592000000000375e+00
-1.661960141224528176e+00,-1.679224572691182304e+00,-1.661960141224528176e+00,-1.661960141224528176e+00,3.191986787856511576e+00,-1.979999999999999982e+00
-3.215568567573128256e+00,-3.253215617713334229e+00,-3.215568567573128256e+00,-3.215568567573128256e+00,-1.644777259794478308e+00,-3.881592000000000375e+00
0.000000000000000000e+00,0.000000000000000000e+00,0.000000000000000000e+00,0.000000000000000000e+00,0.000000000000000000e+00,0.000000000000000000e+00
-2.902551727022983918e+00,-2.934394852672295606e+00,-2.902551727022983918e+00,-2.902551727022983918e+00,1.256692442603532633e+01,-2.940400000000000347e+00
-4.900727561778166930e+00,-4.902417026464615191e+00,-4.900727561778166930e+00,-4.900727561778166930e+00,-5.707880956800000405e+00,-5.707880956800000405e+00
-4.938869984585685380e+00,-4.939464030397712868e+00,-4.938869984585685380e+00,-4.938869984585685380e+00,-5.707880956800000405e+00,-5.707880956800000405e+00
-4.926680444385080015e+00,-4.927353992970411767e+00,-4.926680444385080015e+00,-4.926680444385080015e+00,-5.707880956800000405e+00,-5.707880956800000405e+00
0.000000000000000000e+00,0.000000000000000000e+00,0.000000000000000000e+00,0.000000000000000000e+00,0.000000000000000000e+00,0.000000000000000000e+00
-1.154888053699480110e+00,5.239998322453612190e+00,-1.154888053699480110e+00,-1.154888053699480110e+00,-1.979999999999999982e+00,-1.165987632195746748e+00
-2.902551727022983918e+00,-8.057355470865086300e-01,-2.902551727022983918e+00,-2.902551727022983918e+00,-2.940400000000000347e+00,-2.886586017620841105e+00
-1.000000000000000056e-01,-1.000000000000000056e-01,-1.000000000000000056e-01,-1.000000000000000056e-01,-1.000000000000000000e+00,1.999999999999998934e+01
-2.534626896909609517e+00,1.699585664714579636e+01,-2.534626896909609517e+00,-2.534626896909609517e+00,-2.940400000000000347e+00,-2.560156362053171097e+00
0.000000000000000000e+00,0.000000000000000000e+00,0.000000000000000000e+00,0.000000000000000000e+00,0.000000000000000000e+00,0.000000000000000000e+00
-4.026620634598002901e+00,-4.036223951216322270e+00,-4.042477580637816814e+00,-4.026620634598002901e+00,-4.803960160000000812e+00,-4.803960160000000812e+00
-3.141991428126955199e+00,-3.134373948762130713e+00,-3.176704810466643103e+00,-3.141991428126955199e+00,-3.881592000000000375e+00,-3.881592000000000375e+00
-3.734263944722712836e+00,-3.409350430579308533e+00,-3.729279668028003591e+00,-3.734263944722712836e+00,-3.881592000000000375e+00,-3.881592000000000375e+00
-4.083863128318563795e+00,-4.099136211969875099e+00,-4.085578381509682444e+00,-4.083863128318563795e+00,-4.803960160000000812e+00,-4.803960160000000812e+00
0.000000000000000000e+00,0.000000000000000000e+00,0.000000000000000000e+00,0.000000000000000000e+00,0.000000000000000000e+00,0.000000000000000000e+00
-4.083863128318563795e+00,-4.093442329127652712e+00,-4.080874912775559693e+00,-4.083863128318563795e+00,-4.803960160000000812e+00,-4.803960160000000812e+00
-3.251257196221665868e+00,-3.246686756161727416e+00,-3.250073798983610374e+00,-3.251257196221665868e+00,-3.881592000000000375e+00,-3.881592000000000375e+00
-3.354097263026262432e+00,-3.269949069365535976e+00,-3.345957838141468965e+00,-3.354097263026262432e+00,-3.881592000000000375e+00,-3.881592000000000375e+00
-4.171884828971857750e+00,-4.154773966770356708e+00,-4.169769607065205719e+00,-4.171884828971857750e+00,-4.803960160000000812e+00,-4.803960160000000812e+00
0.000000000000000000e+00,0.000000000000000000e+00,0.000000000000000000e+00,0.000000000000000000e+00,0.000000000000000000e+00,0.000000000000000000e+00
-3.944695396465118353e+00,-3.359855384625155317e+00,-3.955064266521229666e+00,-3.944695396465118353e+00,-4.803960160000000812e+00,-4.803960160000000812e+00
-4.898701593651190400e+00,-4.898009187516930041e+00,-4.898881548483268844e+00,-4.898701593651190400e+00,-5.707880956800000405e+00,-5.707880956800000405e+00
-4.936349421684386840e+00,-4.936409895179023621e+00,-4.935678665395927922e+00,-4.936349421684386840e+00,-5.707880956800000405e+00,-5.707880956800000405e+00
-4.926680444385080015e+00,-4.925950308153534074e+00,-4.926649397935284114e+00,-4.926680444385080015e+00,-5.707880956800000405e+00,-5.707880956800000405e+00
0.000000000000000000e+00,0.000000000000000000e+00,0.000000000000000000e+00,0.000000000000000000e+00,0.000000000000000000e+00,0.000000000000000000e+00
-9.963432462510204424e-01,-1.055375657553876412e+00,-1.025532051107586717e+00,-9.963432462510204424e-01,-1.000000000000000000e+00,-1.000000000000000000e+00
-1.524323345714835520e+00,-1.535369975463598546e+00,-1.492363379461876249e+00,-1.524323345714835520e+00,-1.979999999999999982e+00,-1.979999999999999982e+00
-1.154888053699480110e+00,-1.214275004989146201e+00,-1.183523138847107248e+00,-1.154888053699480110e+00,-1.979999999999999982e+00,-1.979999999999999982e+00
-1.076416381326000149e+00,-1.155204542494899789e+00,-1.147985470974134614e+00,-1.076416381326000149e+00,-1.979999999999999982e+00,-1.979999999999999982e+00
0.000000000000000000e+00,0.000000000000000000e+00,0.000000000000000000e+00,0.000000000000000000e+00,0.000000000000000000e+00,0.000000000000000000e+00
-4.046088221906043003e+00,-4.046344687161317566e+00,-4.046088221906043003e+00,-4.061874989237187705e+00,-4.803960160000000812e+00,-4.803960160000000812e+00
-3.215568567573128256e+00,-3.210155483811320209e+00,-3.215568567573128256e+00,-3.214594261456816149e+00,-3.881592000000000375e+00,-3.881592000000000375e+00
-3.734263944722712836e+00,-3.698512373024167577e+00,-3.734263944722712836e+00,-3.729759656189427730e+00,-3.881592000000000375e+00,-3.881592000000000375e+00
-4.065166457467922712e+00,-4.070993443881562257e+00,-4.065166457467922712e+00,-4.062065146512359171e+00,-4.803960160000000812e+00,-4.803960160000000812e+00
0.000000000000000000e+00,0.000000000000000000e+00,0.000000000000000000e+00,0.000000000000000000e+00,0.000000000000000000e+00,0.000000000000000000e+00
-4.065166457467922712e+00,-4.077450043325912432e+00,-4.065166457467922712e+00,-4.082244224433194901e+00,-4.803960160000000812e+00,-4.803960160000000812e+00
-3.179151599564416397e+00,-3.128968514334097062e+00,-3.179151599564416397e+00,-3.190472492271801741e+00,-3.881592000000000375e+00,-3.881592000000000375e+00
-3.450889511182213987e+00,-3.417651481639631506e+00,-3.450889511182213987e+00,-3.439331581937438376e+00,-3.881592000000000375e+00,-3.881592000000000375e+00
-4.204678189744572414e+00,-4.204591019697168086e+00,-4.204678189744572414e+00,-4.208241326796674286e+00,-4.803960160000000812e+00,-4.803960160000000812e+00
0.000000000000000000e+00,0.000000000000000000e+00,0.000000000000000000e+00,0.000000000000000000e+00,0.000000000000000000e+00,0.000000000000000000e+00
-3.965801488535816155e+00,-3.935950038987372501e+00,-3.965801488535816155e+00,-3.964178581562309400e+00,-4.803960160000000812e+00,-4.803960160000000812e+00
-4.898701593651190400e+00,-4.898863067760106382e+00,-4.898701593651190400e+00,-4.898524561319106851e+00,-5.707880956800000405e+00,-5.707880956800000405e+00
-4.935050430290189638e+00,-4.935277677704789312e+00,-4.935050430290189638e+00,-4.936117202472352972e+00,-5.707880956800000405e+00,-5.707880956800000405e+00
-4.925184126923550565e+00,-4.926225903770476755e+00,-4.925184126923550565e+00,-4.926183812959937569e+00,-5.707880956800000405e+00,-5.707880956800000405e+00
0.000000000000000000e+00,0.000000000000000000e+00,0.000000000000000000e+00,0.000000000000000000e+00,0.000000000000000000e+00,0.000000000000000000e+00
-9.963432462510204424e-01,-1.078521595999991867e+00,-9.963432462510204424e-01,-1.068633455183362058e+00,-1.000000000000000000e+00,-1.000000000000000000e+00
-1.453391169096770907e+00,-1.422553515771297628e+00,-1.453391169096770907e+00,-1.481651726703634653e+00,-1.979999999999999982e+00,-1.979999999999999982e+00
-1.154888053699480110e+00,-1.231856682302673311e+00,-1.154888053699480110e+00,-1.229607819577469341e+00,-1.979999999999999982e+00,-1.979999999999999982e+00
-1.076416381326000149e+00,-1.138559611292000451e+00,-1.076416381326000149e+00,-1.082752074601396997e+00,-1.979999999999999982e+00,-1.979999999999999982e+00
0.000000000000000000e+00,0.000000000000000000e+00,0.000000000000000000e+00,0.000000000000000000e+00,0.000000000000000000e+00,0.000000000000000000e+00
-4.336902220526237528e+00,-4.337537508766896366e+00,-4.328625255750193190e+00,-4.336902220526237528e+00,-4.803960160000000812e+00,-4.803960160000000812e+00
-3.599726812616590443e+00,-3.597917756813909129e+00,-3.592774419030345445e+00,-3.599726812616590443e+00,-3.881592000000000375e+00,-3.881592000000000375e+00
-3.965801488535816155e+00,-3.947040458858401824e+00,-3.955211154070719548e+00,-3.965801488535816155e+00,-4.803960160000000812e+00,-4.803960160000000812e+00
-3.832525363648230599e+00,-3.822294686128640429e+00,-3.838929102822810080e+00,-3.832525363648230599e+00,-3.881592000000000375e+00,-3.881592000000000375e+00
0.000000000000000000e+00,0.000000000000000000e+00,0.000000000000000000e+00,0.000000000000000000e+00,0.000000000000000000e+00,0.000000000000000000e+00
-3.734263944722712836e+00,-3.731019369453540513e+00,-3.743497634263989404e+00,-3.734263944722712836e+00,-3.881592000000000375e+00,-3.881592000000000375e+00
-2.816068020640341008e+00,-2.828220596805672393e+00,-2.800066037708889510e+00,-2.816068020640341008e+00,-2.940400000000000347e+00,-2.940400000000000347e+00
-3.708432596655829361e+00,-3.691006613158450911e+00,-3.708090467358030828e+00,-3.708432596655829361e+00,-3.881592000000000375e+00,-3.881592000000000375e+00
-4.336902220526237528e+00,-4.343103265746195873e+00,-4.339999185435932105e+00,-4.336902220526237528e+00,-4.803960160000000812e+00,-4.803960160000000812e+00
0.000000000000000000e+00,0.000000000000000000e+00,0.000000000000000000e+00,0.000000000000000000e+00,0.000000000000000000e+00,0.000000000000000000e+00
-4.171884828971857750e+00,-3.967063294629706860e+00,-4.171852297454153202e+00,-4.171884828971857750e+00,-4.803960160000000812e+00,-4.803960160000000812e+00
-4.876022790753880898e+00,-4.875139338535399602e+00,-4.874825028391308379e+00,-4.876022790753880898e+00,-4.876022790753880898e+00,-5.707880956800000405e+00
-4.922099257521397320e+00,-4.920821174433837264e+00,-4.922340545997338168e+00,-4.922099257521397320e+00,-4.922099257521397320e+00,-5.707880956800000405e+00
-4.908434263818613807e+00,-4.908918324263858324e+00,-4.908361340633737413e+00,-4.908434263818613807e+00,-4.908434263818613807e+00,-5.707880956800000405e+00
0.000000000000000000e+00,0.000000000000000000e+00,0.000000000000000000e+00,0.000000000000000000e+00,0.000000000000000000e+00,0.000000000000000000e+00
-2.484313160111846219e+00,2.426811016327958259e-01,-2.466723816956685855e+00,-2.484313160111846219e+00,-2.940400000000000347e+00,-2.484313160111846219e+00
-1.453391169096770907e+00,3.191984079564901045e+00,-1.470016884215958441e+00,-1.453391169096770907e+00,-1.979999999999999982e+00,-1.453391169096770907e+00
-2.534626896909609517e+00,2.427841181683347282e-01,-2.515420021573158138e+00,-2.534626896909609517e+00,-2.940400000000000347e+00,-2.534626896909609517e+00
-1.000000000000000056e-01,-1.000000000000000056e-01,-1.000000000000000056e-01,-1.000000000000000056e-01,-1.000000000000000000e+00,9.999527441786096915e+01
0.000000000000000000e+00,0.000000000000000000e+00,0.000000000000000000e+00,0.000000000000000000e+00,0.000000000000000000e+00,0.000000000000000000e+00
-4.350164176115712600e+00,-4.349131113150525252e+00,-4.350164176115712600e+00,-4.339317970356878718e+00,-4.803960160000000812e+00,-4.803960160000000812e+00
-3.599726812616590443e+00,-3.613511381967321245e+00,-3.599726812616590443e+00,-3.617226063450985851e+00,-3.881592000000000375e+00,-3.881592000000000375e+00
-3.965801488535816155e+00,-3.980015417451949311e+00,-3.965801488535816155e+00,-3.982708353344039942e+00,-4.803960160000000812e+00,-4.803960160000000812e+00
-3.808699350661459704e+00,-3.796916716927707824e+00,-3.808699350661459704e+00,-3.797674106245982895e+00,-3.881592000000000375e+00,-3.881592000000000375e+00
0.000000000000000000e+00,0.000000000000000000e+00,0.000000000000000000e+00,0.000000000000000000e+00,0.000000000000000000e+00,0.000000000000000000e+00
-3.734263944722712836e+00,-3.741633217245795784e+00,-3.734263944722712836e+00,-3.725466108069674931e+00,-3.881592000000000375e+00,-3.881592000000000375e+00
-2.816068020640341008e+00,-2.819298953155950915e+00,-2.816068020640341008e+00,-2.833461279598544991e+00,-2.940400000000000347e+00,-2.940400000000000347e+00
-3.734263944722712836e+00,-3.734540716278949901e+00,-3.734263944722712836e+00,-3.730970950001331499e+00,-3.881592000000000375e+00,-3.881592000000000375e+00
-4.336902220526237528e+00,-4.346903490491981437e+00,-4.336902220526237528e+00,-4.342185535836755150e+00,-4.803960160000000812e+00,-4.803960160000000812e+00
0.000000000000000000e+00,0.000000000000000000e+00,0.000000000000000000e+00,0.000000000000000000e+00,0.000000000000000000e+00,0.000000000000000000e+00
-4.220584625949681090e+00,-4.209536935725141760e+00,-4.220584625949681090e+00,-4.207494384072748339e+00,-4.803960160000000812e+00,-4.803960160000000812e+00
-4.878502334938803919e+00,-4.879195934433666615e+00,-4.878502334938803919e+00,-4.880258979990942159e+00,-5.326799688355118079e+00,-5.707880956800000405e+00
-4.925184126923550565e+00,-4.925293849783364486e+00,-4.925184126923550565e+00,-4.925102720903788978e+00,-5.029705429975520836e+00,-5.707880956800000405e+00
-4.912060266971397304e+00,-4.912323687986739351e+00,-4.912060266971397304e+00,-4.911875117773385924e+00,-5.339336019655230636e+00,-5.707880956800000405e+00
0.000000000000000000e+00,0.000000000000000000e+00,0.000000000000000000e+00,0.000000000000000000e+00,0.000000000000000000e+00,0.000000000000000000e+00
-2.327126835026058771e+00,-2.325573901705945801e+00,-2.327126835026058771e+00,-2.344188208656822869e+00,-2.940400000000000347e+00,-3.019964585701766957e+00
-1.154888053699480110e+00,-1.118240309090446694e+00,-1.154888053699480110e+00,-1.165153791411756012e+00,-1.979999999999999982e+00,-2.077859861223048110e+00
-2.380584298325537418e+00,-2.390002662622094931e+00,-2.380584298325537418e+00,-2.368963145759030553e+00,-2.940400000000000347e+00,-3.010979212226815527e+00
-1.980000000000000093e-01,-1.980000000000000093e-01,-1.980000000000000093e-01,-2.999999999999999889e-02,-1.000000000000000000e+00,-1.000000000000000000e+00
